First_Flr_SF,Sale_Price
3.0322157032979815,5.071882007306125
3.0111473607757975,5.491361693834273
2.94546858513182,5.064457989226918
2.7752462597402365,4.892094602690481
2.951337518795918,5.150756439860309
3.037824750588342,5.4065401804339555
3.1436392352745433,5.3979400086720375
3.292256071356476,5.505149978319906
3.1322596895310446,5.27415784926368
3.166133970305109,5.175801632848279
3.1992064791616577,5.41516706691327
3.0884904701823963,5.229169702539101
3.1179338350396413,5.2564772062416765
3.022840610876528,5.138302698166282
3.249442961442582,5.4524963791213095
3.058426024457005,5.176091259055681
3.0398105541483504,5.097604328874411
2.885926339801431,5.249198357391113
3.295786940251609,5.643452676486188
2.9585638832219674,5.266936911159173
3.0773679052841563,5.344392273685111
3.132899769944483,5.544068044350276
2.9656719712201065,5.041392685158225
3.093421685162235,5.311753861055754
2.936513742478893,5.071882007306125
3.256236533205923,5.568201724066995
2.960470777534299,5.342422680822207
3.1271047983648077,5.257999977793136
3.1528995963937474,5.135132651376775
3.2203696324513946,5.218797998111738
2.850033257689769,5.255031163345551
3.039017321997412,5.190331698170292
3.1699681739968923,5.329397879361043
2.9822712330395684,4.954242509439325
2.9912260756924947,5.293362554711446
2.9633155113861114,5.1003705451175625
3.0203612826477078,5.05307844348342
3.0008677215312267,4.9614210940664485
3.038620161949703,5.20002926655377
3.0726174765452368,5.45408227073109
3.2782962080912736,5.383815365980431
2.873320601815399,4.902546779313991
3.082066934285113,5.2638726768652235
2.99563519459755,5.190331698170292
3.166726055580052,5.388456452700266
3.228913405994688,5.389786062316935
2.951337518795918,4.9084850188786495
2.951337518795918,5.175801632848279
3.2860071220794747,5.59617579061501
3.0203612826477078,5.146128035678238
2.806179973983887,4.833172620384315
3.255272505103306,5.113943352306837
3.1109262422664203,5.1801258751640535
2.905256048748451,5.164352855784437
2.862131379313037,5.231571525528415
3.092018470752797,5.48572142648158
3.2571984261393445,5.510545010206612
3.2350231594952237,5.528273777167044
2.959994838328416,5.376576957056512
2.9283958522567137,5.158362492095249
2.959994838328416,5.110589710299249
2.693726948923647,5.064457989226918
2.904715545278681,5.098643725817057
3.185542154854375,5.463892988985907
2.843855422623161,4.835056101720117
3.2132520521963968,5.3979400086720375
3.074450718954591,5.204119982655925
2.934498451243568,5.293362554711446
3.305351369446624,5.605155226423855
3.230704313612569,5.232996110392154
3.2281436075977417,5.243038048686294
2.8715729355458786,5.243038048686294
2.934498451243568,5.335457900689384
3.1136091510730277,5.2636360685881085
3.4068806700491248,5.680398069074548
2.864511081058392,5.14921911265538
3.0285712526925375,5.188928483760853
2.843855422623161,5.186320523991601
3.0499928569201424,5.338456493604605
2.7126497016272113,5.060697840353612
3.0145205387579237,5.175801632848279
3.0170333392987803,5.205475036740891
3.1489109931093564,5.389166084364533
2.8573324964312685,5.041392685158225
3.0060379549973173,5.288919605661727
2.99563519459755,5.276461804173244
2.976808337338066,5.096910013008056
3.061452479087193,4.9164539485499255
3.2105860249051563,5.418301291319746
2.959994838328416,4.939519252618618
3.1812717715594614,5.3796426677411535
2.9929950984313414,4.954242509439325
2.870403905279027,5.236789099409293
3.040602340114073,5.311753861055754
3.0622058088197126,5.152288344383057
3.1622656142980214,5.273001272063738
2.9786369483844743,5.108903127667313
3.13481437032046,5.32273600446995
2.959994838328416,5.089905111439398
3.0802656273398448,5.4623979978989565
3.1095785469043866,5.209515014542631
3.24699069924155,5.569231072309533
3.0034605321095067,5.1303337684950066
2.9731278535996988,5.290034611362518
3.0269416279590295,5.186391215695493
3.215637563435062,5.290034611362518
3.2024883170600935,5.275311354541811
2.9523080096621253,5.021189299069938
3.0569048513364727,4.926856708949693
3.030599721965951,5.193124598354461
3.1763806922432702,5.38738982633873
3.1058506743851435,4.778151250383644
2.934498451243568,5.136720567156407
2.9822712330395684,5.049218022670182
3.220108088040055,5.408239965311849
2.738780558484369,5.093071306376063
3.250907699700856,5.471291711058939
3.190051417759206,5.498310553789601
2.9745116927373285,5.283301228703549
3.0382226383687185,5.1003705451175625
3.0884904701823963,5.325310371711061
2.9661417327390325,5.0700378666077555
3.1571544399062814,5.352182518111363
2.9822712330395684,5.3414345245781405
3.084576277934331,5.190331698170292
2.936513742478893,5.021189299069938
2.797959643737196,5.2490490812413695
2.7371926427047373,4.972665592266111
3.189770956346874,5.352182518111363
2.635483746814912,4.812913356642856
2.960470777534299,5.110589710299249
3.024074987307426,5.136720567156407
3.024074987307426,5.3414345245781405
3.084933574936716,5.354108439147401
2.885926339801431,5.247973266361806
3.154119525515847,5.445604203273597
3.1383026981662816,5.309630167425898
2.8750612633917,5.240299582002712
3.1522883443830563,5.4661258704182
3.084933574936716,5.1303337684950066
3.0580462303952816,5.139879086401237
2.9978230807457256,5.060697840353612
2.9813655090785445,5.107209969647869
2.8976270912904414,4.959041392321094
3.225309281725863,5.32888903983956
3.2242740142942576,5.292256071356476
2.8987251815894934,4.984527313343793
2.920123326290724,5.093421685162235
2.9925535178321354,5.236789099409293
2.931966114728173,5.158362492095249
2.8656960599160706,5.064457989226918
3.0060379549973173,5.217220655644518
2.9618954736678504,5.227886704613674
3.2079035303860515,5.345373730559088
2.8830933585756897,5.110589710299249
3.143014800254095,5.603338191489914
2.9542425094393248,5.103803720955957
3.0492180226701815,5.44870631990508
3.1711411510283822,5.431363764158987
3.097604328874411,5.236789099409293
2.9609461957338312,5.130011949671904
2.9561684304753633,5.146128035678238
3.0170333392987803,5.1303337684950066
2.9777236052888476,5.3747483460101035
3.0622058088197126,5.187520720836463
3.177824971864682,5.329377537222727
3.150449409460881,5.268343913951065
3.0874264570362855,5.389166084364533
2.8394780473741985,4.9344984512435675
3.278753600952829,5.443262987458695
2.8825245379548803,5.245265839457462
2.900913067737669,5.139879086401237
3.2216749970707688,5.491487761029827
2.8394780473741985,5.2522460504731185
3.1261314072619846,5.275311354541811
2.9242792860618816,5.021189299069938
2.9180303367848803,5.071882007306125
3.2375437381428744,4.928907690243952
3.1535099893008374,5.190331698170292
3.1861083798132053,5.075028418196534
3.162564406523019,5.362670929725667
2.8965262174895554,5.103803720955957
2.971275848738105,5.08278537031645
2.9273703630390235,5.291146761731886
3.114610984232173,5.1003705451175625
3.3188977146274867,5.585460729508501
3.0429690733931802,5.3222192947339195
3.2013971243204513,5.469674772551798
2.9390197764486663,5.117271295655764
3.2350231594952237,5.472756449317212
2.720159303405957,5.023252459633712
2.9912260756924947,5.372912002970106
3.071513805095089,5.041392685158225
2.9916690073799486,5.156094630639427
3.170848203643309,5.096910013008056
3.2347702951609163,5.407390904470732
3.118595365223762,5.161368002234975
2.957607287060095,5.146128035678238
3.0511525224473814,5.2878017299302265
3.06595298031387,5.543155066976164
2.8987251815894934,4.999565488225982
3.1997551772534747,5.075546961392531
3.053462604925455,5.12057393120585
2.8680563618230415,5.235339033014061
3.0261245167454502,5.166726055580051
3.0982975364946976,5.20002926655377
3.0236639181977933,5.143014800254095
3.194514341882467,5.451018452155457
3.010723865391773,5.186108379813206
2.9283958522567137,5.146128035678238
2.984077033902831,5.138302698166282
2.931966114728173,5.1673173347481764
3.061452479087193,4.788875115775417
2.9283958522567137,5.123851640967086
3.228913405994688,5.487138375477186
3.019116290447073,5.103803720955957
3.1818435879447726,5.523746466811565
3.2671717284030137,5.7283537820212285
3.2329961103921536,5.523746466811565
3.1826999033360424,5.2552725051033065
2.7234556720351857,5.093071306376063
3.345765693114488,5.4281347940287885
3.1598678470925665,5.198657086954422
3.185825359612962,5.332438459915605
3.0989896394011773,5.168792020314182
3.114610984232173,5.301029995663981
2.885361220031512,5.126780577012009
2.9206450014067875,5.20682587603185
3.249931756634195,5.574031267727719
3.150449409460881,5.660245834645028
3.151982395457474,5.278753600952829
3.030194785356751,5.230448921378274
3.2940250940953226,5.580924975675619
3.166726055580052,5.371067862271736
3.0425755124401905,5.190331698170292
3.230193378869046,5.505149978319906
3.0842186867392387,5.146128035678238
3.059941888061955,5.122215878272827
2.9965116721541785,5.161368002234975
2.8887409606828927,5.191730393362857
3.307923703611882,5.477121254719663
2.936513742478893,5.113609151073028
3.064832219738574,5.278753600952829
3.0927206446840994,5.525044807036846
3.0187004986662433,5.125481265700594
2.9278834103307068,5.332438459915605
2.984077033902831,4.919078092376074
2.931457870689005,5.105510184769974
3.1598678470925665,5.331427296520743
3.0678145111618402,5.103803720955957
3.0461047872460387,5.352182518111363
2.9242792860618816,5.278753600952829
3.0755469613925306,5.239299479126893
2.9925535178321354,5.146128035678238
2.7895807121644256,4.977723605288848
3.1482940974347455,5.541579243946581
3.1078880251827985,5.584297293785702
2.958085848521085,5.141449773400467
3.119915410257991,5.049218022670182
2.8603380065709936,4.894869656745253
3.279894980011638,5.505149978319906
3.130976691605617,5.319938439980309
3.0402066275747113,5.169968173996892
3.16790781000148,5.273001272063738
2.8662873390841948,5.209515014542631
3.2711443179490782,5.278753600952829
2.862131379313037,5.254161220847426
3.0236639181977933,5.144262773761991
3.084933574936716,5.112269768417271
3.0916669575956846,5.330413773349191
3.029789470831856,5.447158031342219
3.03342375548695,5.214843848047698
3.142389466118836,5.2011238972073794
3.0224283711854865,5.315970345456917
3.1192558892779365,5.2304233738926404
3.2203696324513946,5.351989455435632
3.0398105541483504,5.19728055812562
2.9858753573083936,5
3.1781132523146316,5.103803720955957
2.9684829485539352,5.176091259055681
3.0831441431430524,5.20682587603185
3.1878026387184195,5.311753861055754
3.402089350572097,5.444044795918076
3.1024337056813365,5.2038348833437285
3.0394141191761372,5.146128035678238
3.1264561134318045,5.194514341882467
3.216957207361097,5.469032207248683
3.0068937079479006,5.381836799998343
3.082066934285113,5.313867220369153
3.210853365314893,5.1476763242410986
2.920123326290724,5.204119982655925
3.024895960107485,5.153814864344529
2.938519725176492,5.176091259055681
3.1360860973840974,5.306425027550687
3.0394141191761372,5.424881636631067
3.0232524596337114,5.1673173347481764
3.03261876085072,5.175801632848279
3.0170333392987803,4.970811610872518
2.843855422623161,5.297637972448101
2.950364854376123,5.139564266175849
3.059184617631371,5.173186268412274
2.935003151453655,5.110252917353403
3.224014811372864,5.469822015978163
3.182984967003582,5.389166084364533
3.2329961103921536,5.571012004711645
3.1931245983544616,5.303196057420489
2.9965116721541785,5.192821042942765
2.8573324964312685,5.024895960107485
3.184691430817599,5.3979400086720375
2.9232440186302764,4.997823080745725
3.29928933408768,5.745528376744706
3.2027606873931997,5.345373730559088
3.1072099696478683,5.2552725051033065
3.0224283711854865,5.176091259055681
2.951337518795918,5.096910013008056
3.036628895362161,5.295567099962479
3.1696744340588068,5.380211241711606
3.118264726089479,5.264817823009537
3.1547282074401557,5.357324882740209
2.946452265013073,5.111934276332682
3.218010042984363,5.301029995663981
2.919601023784111,5.2576785748691846
2.7520484478194387,5.060697840353612
3.09968064110925,5.236789099409293
3.039017321997412,5.173186268412274
2.936513742478893,5.14921911265538
3.271609301378832,5.502510420056209
2.8785217955012063,5.226599905207357
3.2079035303860515,5.352182518111363
3.1389339402569236,5.359835482339888
2.9894498176666917,5.19728055812562
3.266231696689893,5.368389169201047
3.111598524880394,5.175801632848279
3.3157604906657347,5.57978359661681
2.9912260756924947,5.041392685158225
2.9116901587538613,5.073718350346122
3.2624510897304293,5.444044795918076
3.103461622094705,5.283301228703549
2.941511432634403,5.113943352306837
2.965201701025912,5.155336037465061
2.920123326290724,5.155336037465061
2.9273703630390235,4.963787827345556
3.1061908972634154,5.222716471147583
2.926342446625655,5.243038048686294
3.030599721965951,5.084576277934331
3.1360860973840974,5.3067787530377135
2.932473764677153,5.292256071356476
3.039017321997412,5.271841606536499
3.1696744340588068,5.346352974450639
3.0704073217401198,5.135132651376775
2.9116901587538613,5.113609151073028
3.123524980942732,5.2455126678141495
3.0394141191761372,4.939519252618618
3.0515383905153275,5.204119982655925
3.070037866607755,5.1702617153949575
3.0835026198302673,5.269512944217916
2.936513742478893,5.113943352306837
2.8273692730538253,5.161368002234975
3.2619761913978125,5.446381812222442
3.1961761850399735,5.378397900948138
2.973589623427257,5.161368002234975
2.884795363948981,5.123851640967086
3.267406418752904,5.283527364861694
3.0576661039098294,5.144574207609616
3.2068258760318495,5.512716406915696
3.0136796972911926,5.033423755486949
3.2523675144598987,5.37383114507383
2.7867514221455614,5.239882319061294
3.2166935991697545,5.184691430817598
3.400537989391946,5.302382885035854
3.2278867046136734,5.730782275666389
2.920123326290724,5.271841606536499
3.0170333392987803,5.161368002234975
3.382197210377454,5.872156272748293
2.8887409606828927,5.230448921378274
3.2375437381428744,5.075546961392531
3.153204900084284,5.281033367247727
3.071513805095089,5.260071387985075
2.977266212427293,5.020775488193558
2.920123326290724,5.276461804173244
2.683947130751512,5.045322978786658
3.0382226383687185,5.089905111439398
3.0595634179012676,5.047274867384179
2.724275869600789,5.143014800254095
2.998259338423699,5.1673173347481764
2.931457870689005,5.086359830674748
2.950364854376123,5.281033367247727
3.218010042984363,5.511883360978874
2.9960736544852753,5.406369835469268
3.1367205671564067,5.311753861055754
3.137986732723532,5.1673173347481764
3.186391215695493,5.330413773349191
2.926856708949692,5.108903127667313
2.9827233876685453,5.146128035678238
2.9222062774390163,5.079181246047625
2.9537596917332287,5.12057393120585
2.9947569445876283,5.075546961392531
3.0530784434834195,5.525044807036846
3.1099158630237933,5.390051496458987
3.130333768495006,5.217483944213907
3.2610248339923973,5.480006942957151
3.0199466816788423,5
3.262213705476417,5.339451441306441
2.936513742478893,5.064645144791936
3.197280558125619,5.453318340047038
2.9116901587538613,5
2.9116901587538613,5.108903127667313
3.2610248339923973,5.593286067020458
3.215901813204032,5.222716471147583
2.905256048748451,5.302114376956201
2.9175055095525466,5.075546961392531
3.03382569395331,5.1702617153949575
2.7535830588929064,5.171726453653231
2.9434945159061026,5.4107772333772095
2.996949248495381,5.160618572399474
3.061452479087193,4.913813852383717
3.081707270097349,5.1673173347481764
3.0674428427763805,5.430558769522757
3.165541076722373,5.243038048686294
3.0073209529227447,5.306425027550687
3.12515582958053,5.225050696138049
3.1866738674997452,5.468347330412158
3.225050696138049,5.28668096935493
2.973589623427257,5.271841606536499
3.0824263008607717,5.536726320487027
2.7573960287930244,4.897627091290442
3.2211533219547053,5.161368002234975
3.2884728005997825,5.691965102767361
3.000434077479319,5.146128035678238
3.030194785356751,5.146128035678238
3.0269416279590295,5.446381812222442
3.1261314072619846,5.2576785748691846
2.8976270912904414,5.278753600952829
2.724275869600789,5.027349607774757
2.7596678446896306,5.190331698170292
3.1931245983544616,5.1003705451175625
2.5705429398818973,4.740362689494244
2.9912260756924947,5.1303337684950066
2.9020028913507296,5.225050696138049
3.150449409460881,5.578639209968072
2.7371926427047373,4.876160084825628
2.8715729355458786,5.230448921378274
3.3881012015705165,5.8779469516291885
3.1473671077937864,5.204119982655925
3.1622656142980214,5.480006942957151
2.910090545594068,5.041392685158225
2.783903579272735,5.230448921378274
2.7781512503836434,5.190331698170292
3.03342375548695,5.133538908370218
3.216429830876251,5.477121254719663
3.153814864344529,5.285557309007774
3.0842186867392387,5.2547437917844615
3.225309281725863,5.136419309585825
2.975431808509263,5.2762319579218335
3.1832698436828046,5.371067862271736
3.06595298031387,5.146128035678238
2.8965262174895554,5.190331698170292
2.8721562727482928,5.224791956492681
2.967547976218862,5.136720567156407
2.885926339801431,5.247973266361806
2.971275848738105,5
2.9947569445876283,5.161368002234975
3.1986570869544226,5.531478917042255
3.127428777851599,5.2342641243787895
2.931966114728173,5.171726453653231
3.13481437032046,5.12057393120585
2.948412965778601,5.174641192660449
3.17376882313665,5.303196057420489
3.2667019668840878,5.640634456577733
3.166133970305109,5.514547752660286
2.9965116721541785,5.328379603438738
3.334051440346892,5.385606273598312
3.1925674533365456,5.212187604403958
2.912753303671323,5.060697840353612
3.037027879755775,5.096910013008056
3.0637085593914173,5.156851901070011
3.2357808703275603,5.242665636645263
2.946452265013073,5.068185861746161
2.94546858513182,5.285557309007774
3.0402066275747113,5.278753600952829
3.0941215958405612,5.040997692423491
3.0086001717619175,5.09377178149873
3.1513698502474603,5.3222192947339195
2.951337518795918,5.153814864344529
3.044539760392411,5.401400540781544
3.0644579892269186,5.183269843682805
3.0644579892269186,5.138144744179487
3.225309281725863,5.509554655554138
2.694605198933569,5.297760511099134
3.0273496077747564,5.3240765797394864
2.8920946026904804,5.075546961392531
3.024074987307426,5.354108439147401
3.040602340114073,5.2455126678141495
3.1024337056813365,5.2683087943789415
2.8543060418010806,4.832508912706237
3.1386184338994925,5.448319764933496
3.0170333392987803,4.942008053022313
2.9965116721541785,5.117271295655764
3.2375437381428744,5.47530936765914
3.0034605321095067,5.117271295655764
2.952792443044092,5.060697840353612
2.9813655090785445,5.19728055812562
3.189770956346874,5.380211241711606
3.0572856444182146,5.181843587944773
2.916453948549925,5.096910013008056
3.2920344359947364,5.232996110392154
2.8432327780980096,5.219060332448861
3.009450895798694,5.38738982633873
3.0806264869218056,5.113943352306837
3.2271150825891253,5.204119982655925
3.187238619831479,5.396199347095736
3.074816440645175,5.096562438374136
3.1607685618611283,5.377488383376133
3.2073650374690716,5.505014240084107
2.9523080096621253,5.307784758448091
3.0576661039098294,5.296445794206396
2.998695158311656,5.1303337684950066
2.931966114728173,5.139564266175849
3.030194785356751,5.161368002234975
3.1061908972634154,5.267171728403014
3.139249217571607,5.330413773349191
3.087781417809542,5.117271295655764
2.9242792860618816,4.939519252618618
2.7209857441537393,4.959041392321094
2.9722028383790646,5.114777731971562
3.0492180226701815,5.1673173347481764
2.8407332346118066,4.720159303405957
3.24551266781415,5.430558769522757
3.0224283711854865,5.3979400086720375
2.940516484932567,5.333850145102545
3.0856472882968564,5.362384445836649
3.1595671932336202,5.203848463746235
2.89707700320942,5.256236533205923
3.048053173115609,5.361727836017593
3.1772478362556233,5.307496037913213
3.0060379549973173,4.991226075692495
3.0153597554092144,5.052693941924968
3.1264561134318045,5.301029995663981
3.2271150825891253,5.505149978319906
3.0232524596337114,5.171726453653231
3.002166061756508,5.361727836017593
3.009450895798694,5.113609151073028
3.041392685158225,5.301029995663981
2.900913067737669,5.049218022670182
2.8756399370041685,5.1702617153949575
3.0025979807199086,5.453318340047038
3.031408464251624,5.1702617153949575
2.895422546039408,5.130011949671904
3.085290578230065,5.544068044350276
3.1911714557285586,5.370142847051102
2.9818186071706636,5.105510184769974
3.0086001717619175,5.3979400086720375
3.2062860444124324,4.903089986991944
2.885361220031512,5.12057393120585
3.058426024457005,5.079181246047625
2.900913067737669,5.098643725817057
2.8603380065709936,5.32655909646287
2.9786369483844743,4.700167006002582
3.0681858617461617,5.378397900948138
2.9283958522567137,5.012837224705172
3.109240968588203,5.077367905284157
3.0236639181977933,5.02938377768521
3.1277525158329733,5.096910013008056
2.864511081058392,5.075181854618692
3.0588054866759067,5.204119982655925
3.254064452914338,5.361727836017593
2.963787827345555,5.349277527467955
3.2405492482826,5.383096929949094
2.9929950984313414,5.041392685158225
2.94546858513182,5.0511525224473814
3.2105860249051563,5.165837624690128
3.0232524596337114,5.089905111439398
3.1535099893008374,5.225309281725863
3.305351369446624,5.158362492095249
2.8627275283179747,4.713398130181177
3.188647295999717,5.5183823155453435
3.1986570869544226,5.2027606873932
3.2938043599193367,5.194514341882467
3.171433900943008,5.328379603438738
3.082066934285113,5.290924559382754
3.0629578340845103,5.136720567156407
2.967079734144497,5.342422680822207
3.0330214446829107,5.380030247967831
3.1136091510730277,5.176091259055681
2.934498451243568,5.241795431295198
2.8920946026904804,5.096562438374136
3.0034605321095067,5.355547295732133
2.936513742478893,5.080987046910887
2.8779469516291885,5.173186268412274
3.0989896394011773,5.290034611362518
3.1670217957902564,5.537819095073274
3.1775364999298623,5.174641192660449
2.9661417327390325,5.103803720955957
3.1436392352745433,5.084576277934331
3.0273496077747564,5.332438459915605
2.9786369483844743,5.132739838260885
2.8915374576725643,4.9003671286564705
3.0770043267933502,5.2027606873932
3.0610753236297916,5.218797998111738
3.1367205671564067,5.378397900948138
2.8549130223078554,5.17897694729317
2.9469432706978256,5.267171728403014
2.936513742478893,5.098643725817057
3.030194785356751,5.349277527467955
3.15896526038341,5.2564772062416765
2.926856708949692,5.351216345339342
2.8382192219076257,5.20682587603185
3.3577443251803754,5.409933123331294
2.9116901587538613,5.080987046910887
3.048053173115609,5.477121254719663
3.0542299098633974,5.44903539350911
3.1743505974793798,5.227886704613674
2.8785217955012063,5.270678836144707
2.8836614351536176,5.098643725817057
2.7489628612561616,5.136720567156407
2.8615344108590377,5.041392685158225
2.9159272116971158,5.049218022670182
3.2412973871099933,5.525044807036846
2.8494194137968996,5.2455126678141495
2.8273692730538253,4.905795880367869
2.869818207979328,5.041392685158225
3.2229764498933915,5.301029995663981
3.010723865391773,5.093421685162235
3.1222158782728267,5.532754378992498
3.037824750588342,5.017033339298781
2.971275848738105,5.103803720955957
3.030599721965951,5.079181246047625
2.9929950984313414,5.107209969647869
3.0013009330204183,5.153814864344529
3.0402066275747113,5.161368002234975
2.9934362304976116,5.021189299069938
3.2229764498933915,5.6127838567197355
3.0507663112330423,4.968482948553935
2.846955325019824,5.164352855784437
3.0863598306747484,5.008600171761918
3.000434077479319,5.096562438374136
2.936513742478893,5.1829849670035815
2.876217840591642,5.096910013008056
3.0576661039098294,5.379305517750582
3.0034605321095067,5.431363764158987
2.862131379313037,5.264817823009537
3.219060332448861,5.397418542351348
3.0145205387579237,5.077731179652392
3.1997551772534747,5.408239965311849
2.9355072658247128,5.204119982655925
3.308350948586726,5.113943352306837
3.0870712059065353,5.311753861055754
2.9867717342662448,5.113943352306837
3.056142262059052,5.1702617153949575
2.9242792860618816,4.8061799739838875
3.192846115188842,5.186108379813206
3.116939646550756,5.2576785748691846
3.0051805125037805,5.217878578027433
2.9703468762300935,5.12057393120585
3.1231980750319988,5.230448921378274
2.8273692730538253,5.146128035678238
3.1126050015345745,5.017033339298781
3.012415374762433,5.073718350346122
3.037426497940624,5.428944290035575
3.2027606873931997,5.181843587944773
2.954724790979063,5.380030247967831
2.936513742478893,5.105510184769974
2.7993405494535817,4.863322860120456
2.7209857441537393,4.977266212427293
3.1020905255118367,5.296665190261531
3.1261314072619846,5.2552725051033065
2.9283958522567137,5.161368002234975
2.9777236052888476,5.077367905284157
3.0060379549973173,4.977723605288848
3.2375437381428744,5.655090390729038
2.8992731873176036,5.078819183098848
3.0948203803548,5.176091259055681
3.1398790864012365,5.187520720836463
2.9618954736678504,5.238046103128795
3.0008677215312267,5.171726453653231
2.998695158311656,5.394451680826216
2.9542425094393248,5.089905111439398
3.082066934285113,5.217483944213907
3.182129214052998,5.511883360978874
2.862131379313037,4.8750612633917
2.9020028913507296,5.05307844348342
3.036628895362161,5.041392685158225
3.193958978019187,5.389166084364533
2.99563519459755,5.164352855784437
3.1476763242410986,5.2348967457315885
3.1010593549081156,5.3404441148401185
3.038620161949703,5.414973347970818
2.954724790979063,5.033021444682911
3.0453229787866576,5.218797998111738
3.2043913319193,5.434568904034199
2.9661417327390325,5.1303337684950066
2.783903579272735,5.127104798364807
2.9745116927373285,4.903089986991944
2.977266212427293,5.033423755486949
2.998259338423699,5.27415784926368
3.019116290447073,5.079181246047625
2.946452265013073,5.190331698170292
2.941511432634403,5.158362492095249
3.1085650237328344,5.358886204405869
2.967547976218862,5.301029995663981
3.2258259914618934,5.394276526767821
3.1065308538223815,5.297979244159363
3.0842186867392387,5.4623979978989565
2.72916478969277,4.929418925714293
3.1749315935284423,5.150756439860309
3.0025979807199086,4.903089986991944
3.194514341882467,5.269279389771898
2.910090545594068,5.252853030979893
2.9273703630390235,5.351216345339342
2.8813846567705728,4.929418925714293
3.012837224705172,5.108903127667313
2.888179493918325,5.27415784926368
3.2127201544178425,5.143014800254095
2.9242792860618816,5.031004281363537
3.2174839442139063,5.399265188763318
3.0492180226701815,5.128502659857898
2.716003343634799,5.158820672273573
2.9036325160842376,5.012837224705172
3.017450729510536,5.243038048686294
2.900913067737669,4.929418925714293
3.3961993470957363,5.670245853074124
2.720159303405957,4.944482672150168
3.2615007731982804,5.503790683057181
3.103461622094705,5.190331698170292
3.0835026198302673,5.250420002308894
3.250175948083925,5.58489634413745
2.9014583213961123,4.643452676486188
3.1922886125681202,5.3692158574101425
2.9041743682841634,5.204119982655925
3.0170333392987803,5.181843587944773
3.0265332645232967,5.107209969647869
3.1914510144648953,5.321184027302314
2.951337518795918,5.330413773349191
3.2555137128195333,5.460897842756548
2.946452265013073,5.158362492095249
3.1436392352745433,5.220108088040055
3.0666985504229953,5.4281347940287885
3.041787318971752,4.975661533181058
3.1290450598879582,5.342422680822207
2.951337518795918,5.070407321740119
2.996949248495381,5.307282047033346
2.8273692730538253,5.05307844348342
3.2605483726369795,5.413299764081252
2.900913067737669,5.155336037465061
3.0170333392987803,5.089905111439398
2.8530895298518657,5.193124598354461
3.1075491297446862,5.020775488193558
2.967547976218862,5.089905111439398
2.936513742478893,4.991226075692495
3.2375437381428744,5.161368002234975
3.1652443261253107,5.315970345456917
3.2375437381428744,5.17868923977559
3.1283992687178066,5.221414237842339
3.3010299956639813,5.485579476984679
2.936513742478893,5.0463000196529695
3.1997551772534747,5.093421685162235
3.0342272607705505,5.401400540781544
3.197831693328903,5.447158031342219
2.9278834103307068,5.3414345245781405
2.886490725172482,5.269279389771898
2.9116901587538613,5.12057393120585
3.317854489331469,5.431363764158987
3.09968064110925,5.239299479126893
3.2335037603411343,5.4571246263034086
3.0499928569201424,5.352182518111363
3.115943176939055,4.883661435153617
3.2357808703275603,5.161368002234975
2.940516484932567,5.089905111439398
2.954724790979063,5.086359830674748
3.230448921378274,5.489958479424835
3.227629649571009,5.3649504000821
3.070037866607755,5.358886204405869
3.104487111312395,5.255031163345551
3.2533380053261065,5.57287160220048
2.9410142437055695,5.269279389771898
2.936513742478893,5.086359830674748
2.949877704036875,5.264817823009537
2.869818207979328,5.089905111439398
2.9590413923210934,5.181843587944773
3.074816440645175,5.152288344383057
3.2079035303860515,5.390405156480081
2.8790958795000727,5.253822438708073
3.1583624920952498,5.351216345339342
2.850033257689769,4.9164539485499255
2.986323777050765,5.086359830674748
2.873320601815399,4.903089986991944
2.7895807121644256,4.949390006644912
2.8937617620579434,5.252610340567373
3.1122697684172707,5.361727836017593
3.0051805125037805,5.073351702386901
2.9929950984313414,5.068185861746161
3.2528530309798933,5.2552725051033065
3.030194785356751,5.162862993321926
2.8943160626844384,4.880813592280791
3.038620161949703,5.02938377768521
3.085290578230065,5.17897694729317
3.04688519083771,5.146128035678238
3.2314695904306814,5.48572142648158
2.951337518795918,5.107888025182799
3.024485667699167,5.439332693830263
2.9822712330395684,4.97657921864011
3.255272505103306,5.569335277929507
3.254064452914338,5.1673173347481764
3.04688519083771,5.184691430817598
2.94546858513182,5.324282455297693
2.940516484932567,5.131939295210424
2.9740509027928774,5.17871514125857
3.060320028688285,5.408070285887185
2.8790958795000727,5.246744709723841
2.966610986681934,5.273001272063738
2.9947569445876283,5.371990911464915
3.2005769267548483,5.223495940962395
3.021602716028242,5.0948203803548
3.077731179652392,5.143014800254095
3.010299956639812,5.082336487091058
2.8808135922807914,4.991226075692495
2.8432327780980096,5.015359755409214
3.286231854028553,5.766784515497859
2.938519725176492,5.148448403523384
3.17868923977559,5.203848463746235
2.7867514221455614,5.216165902285993
3.1992064791616577,5.501743729627995
3.104145550554008,5.409764104266346
2.8920946026904804,4.973127853599698
3.196452541703389,5.615423952885944
2.7993405494535817,5.049218022670182
2.8808135922807914,5.079181246047625
3.167317334748176,5.498310553789601
2.905256048748451,5.332438459915605
2.8494194137968996,5.1303337684950066
2.936513742478893,5.060697840353612
3.1283992687178066,5.320561680195237
3.0881360887005513,5.4107772333772095
3.0253058652647704,5.113609151073028
3.1908917169221698,5.328175661438323
3.0663259253620376,5.226599905207357
2.8273692730538253,5.071882007306125
3.2931414834509307,5.568201724066995
3.110589710299249,5.362670929725667
3.030194785356751,5.103803720955957
3.220108088040055,5.4623979978989565
3.0580462303952816,5.133538908370218
2.974971994298069,5.144574207609616
3.0884904701823963,5.186108379813206
3.314709692955174,5.371067862271736
2.8627275283179747,5.243038048686294
3.2234959409623944,5.431363764158987
2.958085848521085,5.136720567156407
2.910624404889201,5.334453751150931
3.0863598306747484,5.2552725051033065
3.0941215958405612,5.181843587944773
2.935003151453655,5.1003705451175625
2.974971994298069,5.361727836017593
3.0916669575956846,4.993876914941211
3.2095150145426308,5.332438459915605
2.869818207979328,5.098643725817057
3.010299956639812,5.113943352306837
2.9684829485539352,5.194514341882467
3.224014811372864,5.238046103128795
3.1720188094245563,5.222716471147583
3.2043913319193,5.195899652409234
3.1922886125681202,5.484299839346786
3.092018470752797,5.12856080655932
3.1335389083702174,5.273001272063738
3.0655797147284485,5.267171728403014
3.041392685158225,5.164352855784437
3.1734776434529945,5.320146286111054
2.936513742478893,5.079181246047625
2.951337518795918,5.110589710299249
3.22219604630172,5.45484486000851
3.196452541703389,5.271144317949078
3.089905111439398,5.27415784926368
2.966610986681934,5.113943352306837
2.929929560084588,5.267171728403014
3.0398105541483504,5.342422680822207
2.971275848738105,5.039414119176137
3.131297796597623,5.284092190642834
3.025715383901341,5.209515014542631
3.1746411926604483,5.176091259055681
2.9894498176666917,5.273001272063738
3.059941888061955,5.117271295655764
2.9628426812012423,5.1702617153949575
2.9552065375419416,5.098643725817057
2.8573324964312685,4.54282542695918
3.2268575702887237,5.317018101048111
3.084933574936716,5.214843848047698
3.0788191830988487,5.187238619831478
3.060697840353612,5.164352855784437
2.9116901587538613,4.876217840591642
2.9822712330395684,5.119750623884584
3.0965624383741357,5.5348418638568235
2.9334872878487053,5.232996110392154
2.7371926427047373,4.8750612633917
3.0681858617461617,5.4996870826184034
3.0111473607757975,5.103803720955957
3.031408464251624,5.02530586526477
2.683947130751512,5.071882007306125
2.936513742478893,5.078877133458464
2.959994838328416,4.997823080745725
3.2340108175871793,5.502427119984433
2.7209857441537393,5.021189299069938
2.9684829485539352,5.232996110392154
2.984077033902831,5.086359830674748
2.971275848738105,5.146128035678238
2.936513742478893,5.285557309007774
3.132899769944483,5.309630167425898
3.0115704435972783,5.100025730107863
3.2100508498751372,5.225309281725863
2.966610986681934,5.291146761731886
3.154119525515847,5.642246823807891
2.841359470454855,5.021189299069938
3.2095150145426308,5.176091259055681
3.0674428427763805,5.155336037465061
3.150449409460881,5.252221753598687
3.0170333392987803,5.177536499929862
3.2657609167176105,5.348304863048161
3.0523090996473234,5.3747483460101035
3.1095785469043866,5.32735893438633
3.2177470732627937,5.264817823009537
3.074816440645175,5.267171728403014
3.1132746924643504,5.3979400086720375
2.919601023784111,5.290034611362518
3.132899769944483,5.315970345456917
3.237040791379191,5.346352974450639
3.068927611682072,5.247973266361806
3.022840610876528,5.474560065869779
2.8943160626844384,5.291812687467119
2.900913067737669,4.740362689494244
3.1341771075767664,5.289365951520032
2.975891136401793,5.267171728403014
3.707144188342445,5.264463634204882
3.0637085593914173,5.423245873936808
2.9425041061680806,5.103803720955957
3.0236639181977933,5.096910013008056
2.971275848738105,5.04883008652835
2.8656960599160706,5.2342641243787895
3.002166061756508,5.125481265700594
3.0111473607757975,5.1673173347481764
2.9334872878487053,5.130011949671904
3.0580462303952816,5.501059262217751
3.009450895798694,4.929418925714293
3.2709116394104814,5.1303337684950066
3.0141003215196207,5.217483944213907
3.178401341533755,5.488593015851019
2.795184589682424,5.113943352306837
2.9242792860618816,5.330413773349191
3.0519239160461065,5.1303337684950066
3.165541076722373,5.45166671948638
2.7371926427047373,4.942256150419465
2.9694159123539814,5.041392685158225
3.216957207361097,5.361727836017593
2.9876662649262746,5.014940349792936
2.8836614351536176,4.939519252618618
3.0576661039098294,5.054995861529141
3.0136796972911926,5.075546961392531
3.14674801363064,5.288251461892088
3.097604328874411,5.152288344383057
3.0827853703164503,5.012415374762433
3.1565491513317814,5.195899652409234
3.250175948083925,5.230448921378274
2.9858753573083936,5.019116290447073
3.037027879755775,5.093421685162235
3.010299956639812,5.19728055812562
3.1950689964685903,5.292256071356476
2.8830933585756897,5.190331698170292
2.9523080096621253,5.060697840353612
2.9947569445876283,5.187520720836463
2.9745116927373285,5.267171728403014
2.9175055095525466,5.326335860928752
3.1950689964685903,5.408239965311849
2.7993405494535817,5.02530586526477
3.13481437032046,5.269162565431745
2.8915374576725643,5.265053788504015
3.1975562131535367,5.2027606873932
3.13481437032046,5.4623979978989565
3.04688519083771,5.201397124320452
2.9479236198317262,5.095169351431755
2.972665592266111,5.138302698166282
3.0692980121155293,5.230448921378274
2.877371345869774,5.260071387985075
3.0546130545568877,5.1303337684950066
3.061452479087193,5.20002926655377
3.0461047872460387,5.146128035678238
2.976808337338066,5.075546961392531
2.760422483423212,5.143014800254095
2.9116901587538613,5.107209969647869
2.8662873390841948,5.037426497940624
3.061452479087193,5.363611979892144
3.0170333392987803,5.039414119176137
3.092018470752797,5.371067862271736
3.126780577012009,5.2552725051033065
2.9609461957338312,5.161368002234975
3.2610248339923973,5.164352855784437
2.930949031167523,5.336459733848529
3.0884904701823963,5.298634783124435
2.846337112129805,5.2405492482825995
2.906335041805091,5.225309281725863
2.82020145948564,5.143014800254095
3.0086001717619175,5.217483944213907
2.795184589682424,4.990782691803138
3.3787611753163733,5.586868492432891
3.1408221801093106,5.162116141062368
3.31722734917642,5.6674529528899535
3.0806264869218056,5.1303337684950066
3.243534101832062,5.505014240084107
3.132899769944483,5.337059726320525
3.17260293120986,5.123851640967086
2.966610986681934,5.194375567482212
2.9965116721541785,5.371067862271736
3.030194785356751,5.102090525511836
2.916453948549925,5.249198357391113
2.683947130751512,4.951823035315912
2.8603380065709936,5.264817823009537
3.1261314072619846,5.247973266361806
3.359835482339888,5.699028195897847
2.795184589682424,4.991226075692495
3.0674428427763805,5.550228353055094
3.342422680822206,5.582631439489637
2.8830933585756897,5.187520720836463
3.2643455070500926,5.556181846652911
2.9609461957338312,5.069112851387121
3.127428777851599,5.3925210899319325
3.0285712526925375,5.175801632848279
2.928907690243953,5.275771900164932
3.1341771075767664,5.315970345456917
2.8573324964312685,4.860338006570994
2.8506462351830666,5.056904851336473
3.0856472882968564,5.201397124320452
2.993876914941211,5.008600171761918
3.1231980750319988,5.1303337684950066
2.835056101720116,5.058820658270532
2.973589623427257,5.1112625136590655
3.1622656142980214,5.278753600952829
2.979092900638326,5.236537261488694
3.064083435963596,5.198657086954422
2.9867717342662448,5.113943352306837
2.9708116108725178,5.136720567156407
2.8195439355418688,5.190331698170292
3.0982975364946976,5.143014800254095
2.971275848738105,5.073718350346122
3.0170333392987803,5.133538908370218
3.1078880251827985,5.2405492482825995
3.3010299956639813,5.672097857935717
3.095169351431755,5.250420002308894
3.2068258760318495,5.267171728403014
3.0034605321095067,5.136720567156407
3.0982975364946976,5.345961541813141
3.0610753236297916,5.220108088040055
3.061829307294699,5.414973347970818
2.936513742478893,5.071882007306125
2.920123326290724,5.073718350346122
3.0170333392987803,5.060697840353612
3.059184617631371,5.447002898466162
2.7323937598229686,4.913813852383717
2.7573960287930244,5.06781451116184
3.0111473607757975,5.176091259055681
2.9532763366673045,5.146128035678238
3.1975562131535367,5.241795431295198
3.095518042323151,5.187520720836463
2.9242792860618816,5.247973266361806
2.8790958795000727,5.237794993273923
2.9827233876685453,5.075546961392531
3.1245042248342823,5.161368002234975
2.941511432634403,4.989004615698537
3.2579184503140586,5.361727836017593
2.9036325160842376,5.183269843682805
3.173186268412274,5.605305046141109
2.7371926427047373,4.944482672150168
3.1953460583484197,5.155336037465061
3.0281644194244697,5.150756439860309
3.0572856444182146,5.198657086954422
3.0425755124401905,5.04336227802113
2.8920946026904804,5.077367905284157
3.137354111370733,5.398946404901307
3.048053173115609,5.1673173347481764
3.130976691605617,5.113943352306837
3.137670537236755,5.204798038190855
2.8573324964312685,5.167021795790257
2.885361220031512,4.972434276957365
2.9722028383790646,5.086359830674748
3.0051805125037805,4.829303772831025
3.1981069988734014,5.380211241711606
2.976808337338066,5.3979400086720375
2.9283958522567137,5.30425349686627
2.967547976218862,5.0511525224473814
3.0884904701823963,5.190331698170292
2.9822712330395684,5.131939295210424
3.11293997608408,5.184691430817598
3.241048150671644,5.629409599102719
2.998695158311656,5.060697840353612
2.931966114728173,5.139879086401237
3.2657609167176105,5.278753600952829
3.200303182981585,5.2576785748691846
3.166726055580052,5.380030247967831
3.143014800254095,5.401400540781544
3.1095785469043866,5.238046103128795
3.15106325335375,5.049218022670182
2.9390197764486663,4.953759691733229
3.037426497940624,5.204119982655925
3.058426024457005,5.155336037465061
2.905256048748451,5.075546961392531
3.2375437381428744,5.096910013008056
2.936513742478893,4.7950662561556125
2.843855422623161,5.250420002308894
2.9740509027928774,4.97020270745409
3.188084373714938,5.415409094141628
3.1755118133634475,5.311541958401195
3.0711452904510828,5.195899652409234
2.741151598851785,5.17260293120986
3.178401341533755,5.612677918316502
3.1017470739463664,5.224014811372864
2.9647309210536292,5.064457989226918
3.061452479087193,4.913813852383717
2.9474337218870508,5.315970345456917
3.058426024457005,5.093421685162235
2.843855422623161,5.209515014542631
3.2750808984568587,5.505149978319906
3,5.139879086401237
3.030599721965951,5.195899652409234
3.179838928023187,5.055844488912583
3.1166077439882485,5.361350024352267
2.806179973983887,4.928907690243952
3.3469394626989906,5.38738982633873
2.842609239610562,5.190331698170292
2.9894498176666917,5.113943352306837
3.2229764498933915,5.4623979978989565
3.1209028176145273,5.326335860928752
2.8987251815894934,4.997823080745725
3.230959555748569,5.565013833904306
3.0170333392987803,5.112269768417271
2.90848501887865,4.760610938397704
3.353916230920363,5.336459733848529
3.1743505974793798,5.431363764158987
3.2375437381428744,5.1541195255158465
3.154423973114647,5.26245108973043
2.936513742478893,5.021189299069938
3.089198366805149,5.174205226940147
3.003029470553618,5.227886704613674
2.951337518795918,5.039414119176137
3.1795517911651876,5.307496037913213
2.9185545305502734,5.187520720836463
2.9116901587538613,5.058805486675907
3.185258765296585,5.418765174994478
3.0791812460476247,5.213517756996305
3.1341771075767664,5.146128035678238
3.1772478362556233,5.298853076409706
3.0409976924234905,5.158362492095249
2.921686475483602,5.28443073384452
2.9542425094393248,5.217483944213907
3.161368002234975,5.350718894932084
3.1166077439882485,5.479431337197736
3.0025979807199086,5.328379603438738
3.0569048513364727,4.980189782605793
3.209783014848515,5.306425027550687
2.921686475483602,5.27415784926368
3.0806264869218056,5.209515014542631
2.974971994298069,4.913813852383717
2.7371926427047373,4.931966114728173
2.99563519459755,5.193124598354461
2.938519725176492,5.078819183098848
2.9947569445876283,5.05307844348342
3.1142772965615864,5
2.863322860120456,5.12057393120585
3.114610984232173,5.198657086954422
2.983175072037813,5.270678836144707
3.104487111312395,5.14921911265538
2.984077033902831,5.213517756996305
2.9731278535996988,5.194514341882467
3.177824971864682,5.421821019842061
2.940516484932567,5.294466226161593
3.2008504980910772,5.330413773349191
3.0484418035504044,5.232996110392154
3.2619761913978125,5.498052657968135
3.177824971864682,5.396199347095736
3.037426497940624,5.195899652409234
2.946452265013073,5.347330015316951
3.1010593549081156,5.258876629372131
3.188084373714938,5.434568904034199
3.2121876044039577,5.470547197239672
3.1595671932336202,5.307496037913213
3.042181594515766,5.227886704613674
3.216429830876251,5.439332693830263
2.8273692730538253,5.1673173347481764
3.229937685907934,5.439332693830263
3.103803720955957,5.245265839457462
3.151982395457474,5.4623979978989565
2.8756399370041685,5.249198357391113
2.812244696800369,4.6020599913279625
3.1408221801093106,5.086359830674748
3.021602716028242,5.152288344383057
3.0034605321095067,5.128722284338426
3.068927611682072,5.107209969647869
3.1126050015345745,5.176091259055681
3.074084689028244,5.311753861055754
2.921166050637739,5.02938377768521
2.936513742478893,4.998259338423699
3.0382226383687185,5.143014800254095
3.15896526038341,5.198382130008294
3.1743505974793798,5.446381812222442
2.967547976218862,5.364550995353972
3.009450895798694,5.330413773349191
2.8785217955012063,4.929418925714293
3.144574207609616,5.283301228703549
2.986323777050765,5.068185861746161
3.0398105541483504,5.1423894661188365
3.0499928569201424,5.1673173347481764
2.976808337338066,5.088490470182396
2.8836614351536176,5.108903127667313
2.8549130223078554,5.195899652409234
2.9822712330395684,5.012837224705172
2.9334872878487053,5.302817775635442
2.926856708949692,5.112269768417271
3.214843848047698,5.350248018334163
3.279210512601395,5.525044807036846
3.110589710299249,5.301029995663981
3.092018470752797,5.175221800343053
3.115943176939055,5.515873843711679
3.0224283711854865,5.1525940779274695
2.9858753573083936,5.021189299069938
3.2638726768652235,5.6180480967120925
3.060320028688285,5.103803720955957
3.3215984304653436,5.626340367375042
3.1202447955463652,5.089905111439398
3.1389339402569236,5.194514341882467
2.9283958522567137,5.174059807725025
2.9095560292411755,5.320146286111054
3.0310042813635367,5.3979400086720375
3.2041199826559246,5.408748606184244
3.030194785356751,5.146128035678238
2.843855422623161,5.021189299069938
2.9561684304753633,5.158362492095249
3.184691430817599,5.413299764081252
2.795184589682424,5.204119982655925
3.2127201544178425,5.155336037465061
3.2935835134961167,5.685741738602264
2.829946695941636,5.173186268412274
3.2474822606770544,5.135132651376775
3.582063362911709,5.454387467146955
3.076276255404218,5.146128035678238
2.9995654882259823,5.113943352306837
3.04766419460156,5.204119982655925
3.0382226383687185,5.14921911265538
2.88024177589548,4.929418925714293
2.9947569445876283,5.075546961392531
2.7895807121644256,5.301029995663981
2.935003151453655,4.9164539485499255
2.9561684304753633,5.040997692423491
3.1583624920952498,5.071882007306125
3.1986570869544226,5.371304349760494
3.1763806922432702,5.382917135087531
3.012415374762433,5.342422680822207
3.255272505103306,5.14921911265538
2.9786369483844743,5.281033367247727
2.885361220031512,5.1156105116743
3.3326404103874627,5.414973347970818
3.0718820073061255,5.442479769064448
3.2265999052073573,5.4031205211758175
3.0034605321095067,5.008600171761918
3.3296012483565187,5.139564266175849
3.1728946977521764,5.36660971039243
2.993876914941211,5.198657086954422
2.9132839017604186,4.857332496431268
2.9934362304976116,5.175801632848279
2.9439888750737717,5.079181246047625
2.971275848738105,5.303196057420489
3.002166061756508,5.062205808819713
3.1917303933628562,5.2405492482825995
2.9836262871245345,5.364550995353972
2.8887409606828927,5.2552725051033065
3.27600198996205,5.278753600952829
3.1740598077250253,5.319938439980309
2.7895807121644256,5.195711509593393
3.0187004986662433,5.380211241711606
3.035829825252828,5.447158031342219
3.2487087356009177,5.26245108973043
3.049605612594973,5.143014800254095
3.1065308538223815,5.409933123331294
2.916453948549925,5.105510184769974
3.17260293120986,5.414973347970818
3.0678145111618402,5.2636360685881085
2.932473764677153,5.1003705451175625
3.166133970305109,5.628256066711006
3.187520720836463,5.607455023214668
3.039017321997412,5.414973347970818
3.0856472882968564,5.420615770625765
3.1812717715594614,5.676693609624866
3.2626883443016963,5.795880017344075
2.9822712330395684,4.954242509439325
3.0523090996473234,5.190331698170292
3.1562461903973444,5.20682587603185
2.8318697742805017,5.079181246047625
3.1089031276673134,5.278753600952829
3.024485667699167,5.342422680822207
3.0170333392987803,5.126131407261984
3.168202746842631,5.155336037465061
3.1760912590556813,5.278753600952829
3.2092468487533736,5.359740647863716
3.3109056293761414,5.5711262770843115
3.0674428427763805,5.430558769522757
2.7993405494535817,4.9344984512435675
3.1476763242410986,5.301029995663981
3.060697840353612,5.158362492095249
3.000434077479319,5.068185861746161
2.9628426812012423,5.214843848047698
3.2709116394104814,5.527449444312584
2.9813655090785445,5.5044708624944185
2.9813655090785445,5.123851640967086
3.091315159697223,5.255031163345551
3.1031192535457137,5.156851901070011
3.1696744340588068,5.3222192947339195
3.1152775913959014,5.352182518111363
2.9872192299080047,5.108903127667313
3.100370545117563,5.259832699063484
3.1658376246901283,5.110589710299249
3.2375437381428744,5.27415784926368
3.1264561134318045,5.329397879361043
2.963787827345555,5.301029995663981
3.015778756389041,5.110589710299249
3.2095150145426308,5.498999363580153
3.137354111370733,5.414973347970818
2.9132839017604186,5.139879086401237
2.8627275283179747,5.2455126678141495
2.7371926427047373,4.9003671286564705
3.0170333392987803,5.212187604403958
3.1931245983544616,5.303196057420489
3.074816440645175,5.198382130008294
3.123851640967086,5.224895470849483
3.1231980750319988,5.4623979978989565
3.1528995963937474,5.145817714491828
3.2638726768652235,5.336133390065583
2.9283958522567137,5.118925752825777
3.4204508591060683,5.668851648082518
2.9854264740830017,4.999565488225982
2.885361220031512,5.096910013008056
3.1640552918934515,5.283301228703549
3.0569048513364727,5.250420002308894
2.907411360774586,4.910090545594068
2.971275848738105,5.0603200286882855
3.1699681739968923,5.354108439147401
2.9278834103307068,5.26737826260638
3.028977705208778,5.165244326125311
3.0884904701823963,5.278753600952829
3.1122697684172707,5.214843848047698
3.3087777736647213,5.574031267727719
2.885361220031512,5.220108088040055
2.967547976218862,5.278524964737017
2.683947130751512,4.919078092376074
2.795184589682424,5.133538908370218
2.841359470454855,4.955928156896951
3.0874264570362855,5.432969290874405
2.683947130751512,5.002166061756507
2.9813655090785445,5.276461804173244
2.683947130751512,4.949390006644912
2.9745116927373285,5.1334111559110225
3.0253058652647704,5.187520720836463
2.9916690073799486,4.903089986991944
3.220631019448092,5.463892988985907
3.3688445068258215,5.772018621899742
2.760422483423212,4.892094602690481
3.2801228963023075,5.350248018334163
3.139249217571607,5.198657086954422
3.055378331375,5.224014811372864
3.1931245983544616,5.014940349792936
2.90848501887865,5.245265839457462
2.967547976218862,5.12057393120585
3.305351369446624,5.606381365110605
3.229425847920695,5.296665190261531
3.0831441431430524,5.127104798364807
3.170848203643309,5.484299839346786
3.0178677189635055,5.173186268412274
3.3805730030668872,5.744292983122676
3.2268575702887237,5.60422605308447
2.974971994298069,5.324282455297693
2.9020028913507296,5.363611979892144
3.2643455070500926,5.498310553789601
2.936513742478893,5.089905111439398
3.1283992687178066,5.314499227973152
2.9253120914996495,5.096910013008056
3.0382226383687185,5.164352855784437
3.0726174765452368,5.28668096935493
2.936513742478893,5.103803720955957
2.937517892017347,5.04336227802113
2.9334872878487053,5.066325925362038
2.7371926427047373,4.8512583487190755
3.1869563354654122,5.414973347970818
2.8273692730538253,5.174641192660449
2.919601023784111,5.141449773400467
2.8656960599160706,5.283617786365643
2.8715729355458786,5.265996370495079
3.1436392352745433,5.041392685158225
3.1997551772534747,5.417187606593508
3.15896526038341,5.255031163345551
2.9929950984313414,5.1003705451175625
2.999130541287371,5.195899652409234
3.0655797147284485,5.100973313405723
2.978180516937414,5.156851901070011
3.087781417809542,5.00774777800074
2.931457870689005,5.108903127667313
3.0726174765452368,5.537819095073274
2.909020854211156,4.968482948553935
3.215901813204032,5.439332693830263
3.3916407034923877,5.620656479819621
2.8887409606828927,4.897627091290442
2.835056101720116,4.977723605288848
3.02201573981772,5.103803720955957
2.9542425094393248,5.086359830674748
2.907411360774586,5.105510184769974
2.9786369483844743,5.311753861055754
2.976808337338066,5.045322978786658
3.14674801363064,5.361350024352267
2.9523080096621253,5.133538908370218
2.8651039746411278,4.117271295655764
2.8926510338773004,5.230448921378274
3.1934029030624176,5.443262987458695
2.9111576087399764,5.158362492095249
2.971275848738105,5.133219456732494
3.0515383905153275,5.181843587944773
3.2137832993353044,5.4065401804339555
2.885361220031512,5.2455126678141495
3.2750808984568587,5.587710965018911
3.1010593549081156,5.267171728403014
3.0187004986662433,5.075546961392531
3.2390490931401916,5.379305517750582
2.916453948549925,5.122215878272827
2.9232440186302764,5.113943352306837
3.0674428427763805,5.430558769522757
2.9903388547876015,4.989004615698537
2.9148718175400505,4.968482948553935
3.0318122713303706,5.1559278537936235
2.9822712330395684,5.086359830674748
2.716003343634799,5.168497483523033
2.8221680793680175,5.254463481742621
3.0398105541483504,5.230448921378274
3.1126050015345745,5.342422680822207
3.4271614029259654,5.785329835010767
2.978180516937414,5.027349607774757
2.716003343634799,5.175801632848279
3.1772478362556233,5.2576785748691846
3.2390490931401916,5.76561864154733
2.9283958522567137,5.155336037465061
2.7126497016272113,5.066325925362038
2.716003343634799,5.17897694729317
3.133858125203335,5.278753600952829
2.683947130751512,4.986771734266245
3.2177470732627937,5.3979400086720375
3.1156105116742996,5.506505032404872
2.843855422623161,5.2027606873932
3.03342375548695,5.127104798364807
3.04688519083771,5.152288344383057
3.0232524596337114,5.138302698166282
3.12515582958053,5.216165902285993
3.030194785356751,5.113943352306837
2.893206753059848,5.317018101048111
3.132899769944483,5.328379603438738
3.0269416279590295,5.1303337684950066
3.077731179652392,5.158362492095249
2.9628426812012423,5.236789099409293
3.0017337128090005,5.201397124320452
2.972665592266111,5.329397879361043
3.0273496077747564,5.102090525511836
2.783903579272735,5.107209969647869
2.9030899869919438,5.238046103128795
3.218535505216528,5.361727836017593
3.2195845262142546,5.4107772333772095
2.8273692730538253,4.8061799739838875
3.0492180226701815,5.110589710299249
2.931966114728173,5.171726453653231
3.1565491513317814,5.276461804173244
2.940516484932567,5.348304863048161
2.7895807121644256,5.056904851336473
3.0017337128090005,5.173186268412274
2.8530895298518657,4.9991305412873714
3.1835545336188615,5.159867847092567
3.2011238972073794,5.355068206348851
3.060697840353612,5.14921911265538
2.716003343634799,4.835690571492425
2.906335041805091,5.293362554711446
3.0962145853464054,5.1804126328383235
3.084576277934331,5.420863020550976
3.1728946977521764,5.2689288224326125
2.8369567370595505,4.799340549453582
3.070037866607755,5.476831628512261
3.204662511748219,5.467163965969091
2.7781512503836434,5.217483944213907
2.959994838328416,5.058805486675907
3.1571544399062814,5.3222192947339195
2.835056101720116,5.2405492482825995
3.2643455070500926,5.435366506612661
2.9278834103307068,5.290034611362518
3.04688519083771,5.201397124320452
3.373279893277496,5.4065401804339555
2.9694159123539814,5.402567430702933
3.03261876085072,5.152670477695791
2.795184589682424,4.970811610872518
3.1528995963937474,4.954242509439325
2.979548374704095,5.122215878272827
3.114610984232173,5.344981413927258
3.1583624920952498,5.267171728403014
3.149527013754348,5.508529718971286
3.239549720840473,5.556302500767287
3.2533380053261065,5.571006173682308
2.877371345869774,5.224014811372864
2.9523080096621253,4.897627091290442
2.9283958522567137,5.202580942140484
2.924795995797912,4.913813852383717
3.1806992012960347,5.468347330412158
3.1277525158329733,5.369679599559816
3.1631613749770184,5.332438459915605
3.0285712526925375,5.406114192678464
2.9947569445876283,5.112269768417271
3.080987046910887,5.477121254719663
2.959994838328416,5.152288344383057
3.0633333589517497,4.905256048748451
2.948412965778601,5.309630167425898
2.99563519459755,5.161368002234975
3.0773679052841563,4.993436230497612
2.90848501887865,5.146128035678238
2.9283958522567137,5.173186268412274
3.17666993266815,5.367672672705433
3.2041199826559246,5.317018101048111
3.090610707828407,5.288919605661727
2.9995654882259823,5.122215878272827
2.9628426812012423,4.997823080745725
2.9822712330395684,5.110589710299249
2.946452265013073,5.190331698170292
3.0149403497929366,4.951823035315912
3.1690863574870227,5.495544337546448
2.936513742478893,5.113943352306837
2.8830933585756897,5.2405492482825995
2.69196510276736,4.788875115775417
3.016615547557177,5.118925752825777
2.9561684304753633,5.217483944213907
2.859138297294531,4.740362689494244
2.9585638832219674,5.431363764158987
3.1583624920952498,5.262213705476417
3.2127201544178425,5.662757831681574
3.172310968521954,5.2564772062416765
3.2177470732627937,5.3918169236132485
3.0711452904510828,5.1303337684950066
3.0017337128090005,5.1303337684950066
3.0224283711854865,5.162862993321926
3.09377178149873,5.300812794118117
3.227629649571009,5.39502569079866
3.1099158630237933,5.117271295655764
3.0718820073061255,5.138302698166282
3.0269416279590295,5.378397900948138
2.7781512503836434,4.977723605288848
2.9283958522567137,5.135132651376775
3.219060332448861,5.332438459915605
3.0492180226701815,5.155193273858223
3.125806458139527,5.209515014542631
2.7895807121644256,5.019116290447073
3.079904467666721,5.079181246047625
2.975891136401793,5.315970345456917
3.1903316981702914,5.317018101048111
2.89707700320942,4.984527313343793
3.085290578230065,5.238046103128795
3.125481265700594,5.518513939877887
3.2322335211147335,5.357934847000454
2.828015064223977,5.217483944213907
3.0927206446840994,5.008600171761918
3.0770043267933502,5.1702617153949575
2.9698816437465,5.3222192947339195
3.1344958558346736,5.217220655644518
3.15896526038341,5.267171728403014
3.141136090120739,5.201397124320452
2.9552065375419416,5.117271295655764
2.846955325019824,5.164352855784437
3.225309281725863,5.346352974450639
3.0342272607705505,5.458791901828869
2.9656719712201065,5.0511525224473814
2.920123326290724,5.21192108430851
2.924795995797912,5.107209969647869
3.0136796972911926,5.1702617153949575
2.941511432634403,5.102090525511836
3.1136091510730277,5.417471693203293
3.055378331375,5.139879086401237
3.0170333392987803,4.968015713993641
2.936513742478893,4.986771734266245
3.095518042323151,5.088136088700551
3.197280558125619,5.439285313665999
2.7774268223893115,4.770852011642144
3.059941888061955,5.530111292983805
3.0941215958405612,5.244277120801843
3.0060379549973173,5.119750623884584
2.9425041061680806,5.229169702539101
2.936513742478893,4.826074802700826
2.9876662649262746,5.12057393120585
2.7867514221455614,4.653212513775344
3.3157604906657347,5.383815365980431
3.0170333392987803,4.910624404889202
3.0580462303952816,5.246498580795801
3.1261314072619846,5.190331698170292
2.8273692730538253,4.9614210940664485
3.044147620878723,5.103803720955957
3.188647295999717,5.463804927225282
2.9618954736678504,5.225309281725863
2.9175055095525466,5.031408464251625
3.0523090996473234,5.188095639314137
3.0523090996473234,5.071882007306125
3.238798562713917,5.144885418287142
3.0884904701823963,5.230448921378274
3.100370545117563,5.126780577012009
3.12057393120585,5.236789099409293
3.26528962586083,5.585460729508501
2.8109042806687006,5.021189299069938
3.3265406685165617,5.618359839631296
3.028977705208778,5.105510184769974
3.084933574936716,5.201397124320452
2.9822712330395684,5.468824201558616
3.072249897613515,5.138302698166282
3.157456768134226,5.338456493604605
3.214843848047698,5.117271295655764
3.0962145853464054,5.223340158878377
3.1789769472931693,5.252610340567373
3.1752218003430523,5.306425027550687
2.9661417327390325,5.125481265700594
3.090610707828407,5.210853365314893
2.8102325179950842,5.243038048686294
3.230959555748569,5.440121603187804
3.1360860973840974,5.079181246047625
2.959994838328416,5.093421685162235
3.0751818546186915,5.205475036740891
2.926856708949692,4.924279286061882
3.044539760392411,5.144262773761991
2.997386384397313,5.176091259055681
2.90848501887865,5.3560258571931225
3.0187004986662433,5.143014800254095
3.0835026198302673,5.17897694729317
2.832508912706236,5.045322978786658
2.8382192219076257,5.208844289340738
2.957607287060095,5.113943352306837
2.783903579272735,5.225735611624981
3.208441356438567,5.37383114507383
3.0644579892269186,5.267171728403014
3.330413773349191,5.556302500767287
3.137354111370733,5.327767489902729
2.9745116927373285,5.128722284338426
2.9159272116971158,5.332236415491443
2.9434945159061026,5.346352974450639
2.989004615698537,5.378397900948138
2.720159303405957,5.023252459633712
3.061452479087193,5.2564772062416765
3.1806992012960347,5.222716471147583
3.0791812460476247,5.164352855784437
3.1179338350396413,5.269512944217916
3.17260293120986,5.222716471147583
2.8369567370595505,5.095169351431755
3.0791812460476247,5.158362492095249
3.2837533833325265,5.57683181439699
3.2113875529368587,5.575374920869163
3.0330214446829107,5.3677844122811535
2.870403905279027,5.2405492482825995
3.0178677189635055,5.20682587603185
3.2038484637462346,5.176091259055681
3.0580462303952816,5.1673173347481764
2.8530895298518657,5.264581729238078
2.7958800173440754,5.216693599169754
3.030599721965951,5.035349676522988
3.1231980750319988,5.155336037465061
2.936513742478893,5.135132651376775
3.089551882886454,5.171214357009491
3.0588054866759067,5.3979400086720375
3.151676230847048,5.354110360800149
2.9444826721501687,5.171433900943009
3.118595365223762,5.246577357230246
3.1383026981662816,5.146128035678238
2.9439888750737717,5.34086036206488
3.0170333392987803,5.093421685162235
2.7993405494535817,5.107209969647869
2.821513528404773,5.198657086954422
2.9278834103307068,5.352182518111363
3.296665190261531,5.498310553789601
2.826722520168992,4.907948521612273
3.3736474722092176,5.786507950304687
3.0461047872460387,5.382017042574868
3.081707270097349,5.3881012015705165
2.8573324964312685,5.1303337684950066
2.983175072037813,5.301029995663981
3.0464951643347082,5.1702617153949575
3.255754786643044,5.570542939881897
3.02201573981772,5.093421685162235
3.003029470553618,5.252853030979893
2.9845273133437926,5.201397124320452
3.1024337056813365,5.2455126678141495
3.04688519083771,5.170211827352736
3.092018470752797,5.332438459915605
2.968015713993642,5.017033339298781
3.144262773761991,5.201397124320452
2.89707700320942,5.060697840353612
2.716003343634799,4.926856708949693
2.9439888750737717,4.903089986991944
2.9876662649262746,5.088136088700551
3.1436392352745433,5.505149978319906
3.018284308426531,5.136720567156407
2.7007037171450192,5.021189299069938
3.0111473607757975,5.193124598354461
3.2355284469075487,5.415640979896154
3.037824750588342,5.4065401804339555
3.024074987307426,5.12057393120585
3.048053173115609,5.02938377768521
2.959994838328416,5.193124598354461
2.998259338423699,5.033423755486949
3.1931245983544616,5.109240968588203
2.8228216453031045,5.066325925362038
3.17260293120986,5.1303337684950066
2.941511432634403,5.021189299069938
3.0791812460476247,5.096910013008056
2.5237464668115646,4.594392550375427
3.143327129992046,5.379847367689488
3.1528995963937474,5.190331698170292
3.1225435240687545,5.241023219159143
3.121887985103681,5.345118765064614
3.016197353512439,5.113943352306837
2.9951962915971793,5.123851640967086
3.3049211619008916,5.578065883836092
3.1222158782728267,5.334453751150931
3.09968064110925,5.03726310873469
3.2350231594952237,5.534026106056135
3.1335389083702174,5.371067862271736
2.936513742478893,5.060697840353612
3.118595365223762,5.361727836017593
2.9206450014067875,5.049218022670182
2.951337518795918,5
3.0637085593914173,5.198657086954422
2.949390006644913,5.060697840353612
3.058426024457005,5.118595365223762
2.8830933585756897,5.244277120801843
3.1271047983648077,5.079181246047625
3.0034605321095067,5.332438459915605
2.971275848738105,5.113943352306837
3.1119342763326814,5.253338005326106
3.1992064791616577,5.278753600952829
3.1583624920952498,5.301029995663981
3.1832698436828046,5.3150882730883175
2.90848501887865,5.113943352306837
3.1405080430381798,5.2455126678141495
3.115943176939055,5.184691430817598
2.975431808509263,5.077367905284157
2.9095560292411755,5.214578953570499
2.9444826721501687,5.079181246047625
3.396548037987132,5.7419390777291985
2.905256048748451,5.190331698170292
2.7993405494535817,5.136720567156407
3.118264726089479,5.1550322287909704
3.1696744340588068,5.19728055812562
3.312388949370592,5.6127838567197355
2.976808337338066,5.033423755486949
3.182414652434554,5.260071387985075
3.097604328874411,5.371067862271736
3.132899769944483,5.350248018334163
2.971275848738105,5.146128035678238
3.3416323357780544,5.4344092075875
3.0211892990699383,5.118925752825777
3.09725730969342,5.4623979978989565
3.255272505103306,5.494850021680094
3.216165902285993,5.550228353055094
3.249442961442582,5.041392685158225
2.9003671286564705,5.271841606536499
2.99563519459755,5.1003705451175625
3.0791812460476247,5.252853030979893
2.8195439355418688,5.209515014542631
2.890979596989689,5.080987046910887
2.921686475483602,4.919078092376074
3.0542299098633974,5.155336037465061
3.0056094453602804,5.05307844348342
2.797959643737196,5.136720567156407
2.937517892017347,5.296445794206396
2.8394780473741985,5.273001272063738
2.9020028913507296,4.986771734266245
3.0681858617461617,5.146128035678238
3.1562461903973444,5.431363764158987
3.1341771075767664,5.301029995663981
3.0402066275747113,5.181843587944773
2.9827233876685453,5.267171728403014
3.0034605321095067,5.144574207609616
2.936513742478893,5.095169351431755
2.9222062774390163,5.108903127667313
3.0170333392987803,5.123851640967086
3.0461047872460387,5.1003705451175625
2.9479236198317262,5.438898182056245
2.9947569445876283,5.2552725051033065
3.1760912590556813,5.511883360978874
3.02201573981772,5.141449773400467
3.0322157032979815,4.826074802700826
3.210853365314893,5.371067862271736
3.13640344813399,5.328650697993577
2.8920946026904804,5.165837624690128
2.9822712330395684,5.209246848753374
3.216429830876251,5.466981737356821
3.185542154854375,5.447158031342219
3.028977705208778,5.146128035678238
3.2008504980910772,5.3560258571931225
2.885361220031512,5.112269768417271
2.8785217955012063,5.1003705451175625
2.9947569445876283,5.11143055176598
3.1931245983544616,5.260071387985075
3.0842186867392387,5.155336037465061
2.8785217955012063,5.2552725051033065
3.03342375548695,5.135132651376775
3.127428777851599,5.409933123331294
3.1020905255118367,5.255031163345551
3.392696953259666,5.788875115775417
3.671358003443492,5.204119982655925
3.0831441431430524,5.158362492095249
3.118595365223762,5.317018101048111
3.1405080430381798,5.184691430817598
3.227629649571009,5.358886204405869
3.041787318971752,5.352182518111363
2.9609461957338312,5.107209969647869
2.9283958522567137,5.145817714491828
3.125806458139527,5.212187604403958
2.862131379313037,5.276461804173244
2.9995654882259823,5.128722284338426
3.1420764610732848,5.161368002234975
3.03382569395331,5.138302698166282
2.862131379313037,5.249428289083862
2.9609461957338312,5.123851640967086
3.115943176939055,5.265996370495079
2.959994838328416,5.158362492095249
3.2962262872611605,5.628388930050312
3.036628895362161,4.795880017344075
3.0211892990699383,5.155336037465061
3.0791812460476247,5.266936911159173
2.9947569445876283,5.174641192660449
2.7993405494535817,4.963787827345556
2.9618954736678504,5.135132651376775
3.1559430179718366,5.173186268412274
2.929929560084588,5.150756439860309
2.8273692730538253,4.903089986991944
3.184975190698261,5.439332693830263
2.724275869600789,5.167642195482166
3.155336037465062,5.239299479126893
2.946452265013073,5.351989455435632
3.1866738674997452,5.2405492482825995
2.7371926427047373,4.899820502427096
3.0989896394011773,5.201397124320452
3.250420002308894,5.577491799837225
3.0791812460476247,5.113609151073028
2.888179493918325,5.041392685158225
3.132899769944483,5.32735893438633
3.1007150865730817,5.212187604403958
2.835056101720116,5.205475036740891
3.0958664534785427,5.294466226161593
3.0674428427763805,5.235528446907549
2.8273692730538253,5.2011238972073794
3.143014800254095,5.315970345456917
3.290034611362518,5.583198773968623
2.966610986681934,5.2576785748691846
2.937517892017347,5.326335860928752
2.948412965778601,5.079181246047625
2.9661417327390325,5.103803720955957
2.9283958522567137,5.107209969647869
2.931457870689005,5.301029995663981
3.0253058652647704,5.060697840353612
3.090610707828407,5.168792020314182
3.0707764628434346,5.1804126328383235
3.0492180226701815,5.17260293120986
2.9444826721501687,5.212187604403958
2.8808135922807914,5.146128035678238
3.130333768495006,5.164352855784437
3.1967287226232868,5.3560258571931225
2.9661417327390325,5.112269768417271
2.959994838328416,5.278639297890739
3.059184617631371,5.273001272063738
3.1631613749770184,5.395326393069351
3.0170333392987803,5.130011949671904
2.9813655090785445,5.157607853361668
3.0519239160461065,5.217483944213907
3.0170333392987803,5.093421685162235
3.02201573981772,5.254064452914338
2.866877814337499,5.028977705208778
3.0863598306747484,5.230448921378274
2.951337518795918,5.141449773400467
3.0232524596337114,5.276461804173244
3.230448921378274,5.301029995663981
2.895422546039408,5.3222192947339195
2.931966114728173,5.155336037465061
3.1950689964685903,5.198657086954422
3.015778756389041,5.352182518111363
2.90687353472207,5.2552725051033065
3.1228709228644354,5.178257320812189
2.932473764677153,5.319106059309776
2.929929560084588,5.173186268412274
3.1031192535457137,5.5276299008713385
3.1017470739463664,5.227886704613674
3.3336487565147013,5.419129307741976
2.951823035315912,5.449478399187365
2.9190780923760737,5.144574207609616
3.061452479087193,5.156700552582017
3.401745082237063,5.574031267727719
3.1261314072619846,5.264817823009537
3.2400497721126476,5.614984698585547
2.989894563718773,5.250420002308894
3.210853365314893,5.529558673021163
3.0136796972911926,5.096910013008056
2.951337518795918,5.089905111439398
3.0203612826477078,5.1303337684950066
3.0261245167454502,5.117271295655764
2.9542425094393248,5.129689892199301
3.030599721965951,5.146128035678238
3.2355284469075487,5.521138083704036
2.7993405494535817,4.8779469516291885
2.968015713993642,4.982271233039568
3.0538464268522527,5.489958479424835
3.34908316877959,5.70056267830869
3.197280558125619,5.190331698170292
2.9876662649262746,5.371067862271736
2.959994838328416,5.1673173347481764
2.902546779313991,5.250420002308894
3.210853365314893,5.574031267727719
2.983175072037813,5.230448921378274
3.0637085593914173,5.512284063281854
2.9537596917332287,4.892094602690481
3.0149403497929366,5.235528446907549
2.989004615698537,5.371067862271736
3.229425847920695,5.439332693830263
2.936513742478893,5.20682587603185
3.0856472882968564,5.318689269947746
2.9561684304753633,5.075546961392531
3.041392685158225,5.14921911265538
3.1335389083702174,5.146128035678238
3.04688519083771,5.190331698170292
2.9116901587538613,5.041392685158225
3.151676230847048,5.42799865054071
3.0433622780211294,5.4623979978989565
3.0293837776852097,5.3560258571931225
2.8715729355458786,5.2405492482825995
3.1470576710283598,5.3053513694466234
3.058426024457005,5.145972902802181
3.0930713063760633,5.337459261290656
3.219060332448861,5.1303337684950066
3.2837533833325265,5.450249108319361
3.0433622780211294,5.419955748489758
3.1734776434529945,5.250420002308894
2.9894498176666917,5.008600171761918
3.118264726089479,5.320146286111054
3.163757523981956,5.217483944213907
3.1072099696478683,5.386498965550653
2.8767949762007006,5.249198357391113
3.1109262422664203,5.238046103128795
3.070037866607755,5.164352855784437
2.9380190974762104,5.376576957056512
3.224014811372864,5.290034611362518
2.941511432634403,5.3576966816630325
2.9614210940664485,5.3222192947339195
3.184123354239671,5.3726837543751556
3.077731179652392,5.040997692423491
3.0115704435972783,5.079181246047625
3.0187004986662433,4.748133736802754
3.016197353512439,5.440121603187804
2.936513742478893,5.3414345245781405
3.0232524596337114,5.153814864344529
3.1293675957229854,5.155336037465061
3.1436392352745433,5.332438459915605
3.189209489582306,5.336459733848529
3.1958996524092336,5.22219604630172
3.210853365314893,5.384711742938283
3.0704073217401198,5.078819183098848
3.09725730969342,5.559308010907013
3.0827853703164503,5.426511261364575
2.942008053022313,5.021189299069938
3.143327129992046,5.292256071356476
3.048053173115609,5.136308267255813
3.2671717284030137,5.5910646070264995
3.021602716028242,5.190331698170292
2.937517892017347,5.105510184769974
2.942008053022313,5.068185861746161
2.876217840591642,5.217483944213907
3.496652939250918,5.2665844470668635
3.02201573981772,5.41161970596323
3.1261314072619846,5.267171728403014
2.9138138523837167,5.031408464251625
2.950364854376123,5
2.8680563618230415,5.227050718827332
3.0523090996473234,5.21192108430851
2.8692317197309762,5.035429738184549
2.948412965778601,5.165837624690128
2.999130541287371,4.951823035315912
2.8363241157067516,5.1303337684950066
2.9278834103307068,5.328379603438738
3.0464951643347082,5.4031205211758175
2.934498451243568,5.301029995663981
3.030194785356751,5.478566495593843
3.130333768495006,5.226599905207357
2.8920946026904804,5.203848463746235
2.9030899869919438,4.778151250383644
3.1763806922432702,5.309630167425898
2.8965262174895554,5
3.0572856444182146,5.153814864344529
2.954724790979063,5.301247088636211
3.09725730969342,5.204119982655925
3.03342375548695,5.357934847000454
2.973589623427257,5.3747483460101035
2.8603380065709936,5.2455126678141495
3.230193378869046,5.227886704613674
2.8987251815894934,4.8061799739838875
3.2211533219547053,5
3.229425847920695,5.158060793936605
2.8195439355418688,4.8055008581584
2.936513742478893,5.125481265700594
2.916453948549925,5.195899652409234
2.965201701025912,5.077367905284157
2.936513742478893,5.078819183098848
3.2375437381428744,5.249504090935526
2.9116901587538613,5.037426497940624
3.1812717715594614,5.437750562820388
2.920123326290724,5.125481265700594
3.255995726722402,5.45484486000851
2.823474229170301,4.8095597146352675
2.9925535178321354,5.204119982655925
3.3087777736647213,5.6127838567197355
2.8627275283179747,4.7160033436347994
3.0145205387579237,5.184691430817598
3.0542299098633974,5.264817823009537
3.1351326513767748,5.600755149639618
2.984077033902831,5.204119982655925
3.2329961103921536,5.380211241711606
3.0310042813635367,5.186108379813206
2.8494194137968996,5.2584361295511695
2.959994838328416,5.143014800254095
3.0523090996473234,5.250420002308894
3.180412632838324,5.624539913879395
2.951337518795918,5.117271295655764
2.9334872878487053,5.041392685158225
2.8273692730538253,5.089551882886454
3.1571544399062814,5.414137362184476
2.90848501887865,5.113943352306837
3.17666993266815,5.326335860928752
3.121887985103681,5.2405492482825995
2.904715545278681,4.939519252618618
3.074450718954591,5.273001272063738
3.1132746924643504,5.056904851336473
2.8573324964312685,5.212187604403958
3.237040791379191,5.4939763853651815
3.035829825252828,5.161068385471174
2.9132839017604186,5.278753600952829
2.9800033715837464,5.474070503215043
2.912753303671323,5.222716471147583
2.8208579894397,5.086359830674748
3.061452479087193,5.203848463746235
2.936513742478893,4.899136250699127
3.0663259253620376,5.41161970596323
2.94546858513182,5.027349607774757
2.9786369483844743,5.311753861055754
2.909020854211156,5.255031163345551
3.0086001717619175,4.8095597146352675
3.287801729930226,5.555215405126073
2.9921114877869495,5.3979400086720375
3.255995726722402,5.190331698170292
2.9590413923210934,5.108057373783854
3.0253058652647704,5
3.017450729510536,5.107209969647869
2.877371345869774,5.208172526667122
2.8536982117761744,4.986323777050766
3.0704073217401198,5.136720567156407
2.7371926427047373,4.931966114728173
3.3895204658463776,5.648360010980932
3.3571722577230334,5.676693609624866
3.0538464268522527,5.2455126678141495
3.2121876044039577,5.328379603438738
3.2638726768652235,5.422425676371205
2.9818186071706636,5.299942900022767
2.7781512503836434,5.17897694729317
2.8603380065709936,5.1156105116743
3.059184617631371,5.217483944213907
3.093421685162235,5.2405492482825995
3.151982395457474,5.593286067020458
2.9132839017604186,5.139879086401237
3.194514341882467,5.498310553789601
2.979548374704095,5.078275522086601
3.3113299523037933,5.230448921378274
3.0884904701823963,5.1303337684950066
2.8830933585756897,4.863322860120456
2.920123326290724,4.106836587366795
3.041392685158225,5.161368002234975
3.052693941924968,5.380211241711606
3.1556396337597765,5.283301228703549
2.9661417327390325,4.99563519459755
3.2052043639481447,5.342422680822207
3.2390490931401916,5.502427119984433
3.038620161949703,5.062581984228163
3.1696744340588068,5.194514341882467
2.9822712330395684,5.035429738184549
3.036628895362161,5.230448921378274
2.9809119377768436,5.309630167425898
3.121887985103681,5.299942900022767
3.219322508419337,5.213517756996305
3.149834696715785,5.243038048686294
3.1436392352745433,5.2552725051033065
3.0856472882968564,5.310693312343361
3.035829825252828,5.288919605661727
2.9489017609702137,5.138302698166282
3.1082266563749283,5.146128035678238
3.16790781000148,5.19728055812562
3.0989896394011773,5.2552725051033065
2.645422269349092,4.8061799739838875
3.04493154614916,5.265996370495079
2.936513742478893,5.108903127667313
2.9786369483844743,5.08278537031645
2.8965262174895554,5.264817823009537
3.0038911662369103,5.204119982655925
3.0718820073061255,5.107209969647869
3.0232524596337114,5.08278537031645
2.902546779313991,5.107209969647869
3.011993114659257,5.276461804173244
2.9822712330395684,5.087248867795658
3.0663259253620376,5.242789809478676
2.720159303405957,5.033423755486949
3.1132746924643504,5.2552725051033065
3.0726174765452368,5.318063334962762
3.1792644643390253,5.392679370131183
2.8830933585756897,5.238046103128795
3.0350292822023683,5.047274867384179
2.931457870689005,5.12057393120585
2.9489017609702137,4.897627091290442
3.03261876085072,5.096910013008056
2.951337518795918,5.041392685158225
2.9885589568786157,4.970811610872518
3.0342272607705505,5.210853365314893
3.074450718954591,5.1476763242410986
3.2041199826559246,4.911157608739977
2.7781512503836434,5.174641192660449
3.1528995963937474,5.254306332331286
2.885361220031512,5.222716471147583
3.0115704435972783,5.110589710299249
2.866877814337499,5.05307844348342
2.936513742478893,5.080987046910887
3.219846386024361,5.444044795918076
2.9694159123539814,5.26245108973043
2.890979596989689,5.294466226161593
3.3070679506612985,5.5680843313153945
2.79309160017658,5.128722284338426
2.9278834103307068,5.324282455297693
3.123524980942732,5.235528446907549
2.929929560084588,5.30783820415656
3.084933574936716,5.05307844348342
3.0863598306747484,5.494850021680094
2.8943160626844384,5.039414119176137
3.1122697684172707,5.32990612340021
2.9763499790032735,5.2552725051033065
3.2935835134961167,5.622219205447091
2.9566485792052033,5.311223910432456
3.044539760392411,5.438225807604529
2.833784374656479,5.041392685158225
2.938519725176492,5.277609214304091
2.60959440922522,4.6674529528899535
2.9590413923210934,5.328379603438738
3.164352855784437,5.392696953259666
3.104487111312395,5.164055291893452
2.94546858513182,5.1003705451175625
3.2022157758011316,5.456366033129043
2.9020028913507296,5.238046103128795
2.7993405494535817,4.9084850188786495
2.993876914941211,4.982271233039568
2.900913067737669,5.120244795546365
3.0429690733931802,5.3560258571931225
3.022840610876528,5.093421685162235
3.036628895362161,4.991226075692495
3.0629578340845103,5.283301228703549
3.0515383905153275,5.243038048686294
2.841359470454855,5.026328938722349
3.228913405994688,5.503450193442012
3.2258259914618934,5.2405492482825995
2.936513742478893,5.1303337684950066
3.030194785356751,5.153814864344529
3.0269416279590295,5.1303337684950066
3.155336037465062,5.283301228703549
3.149527013754348,5.113943352306837
3.0170333392987803,5.294466226161593
3.1142772965615864,5.414973347970818
3.2835273648616936,5.176091259055681
3.0232524596337114,5.457881896733992
3.143014800254095,5.135132651376775
2.862131379313037,5.1926650053248045
2.873320601815399,5.056904851336473
3.0170333392987803,5.399673721481038
2.975431808509263,5.277609214304091
3.0394141191761372,5.076145072830781
3.06595298031387,5.4623979978989565
3.0429690733931802,5.208172526667122
2.8573324964312685,5.1303337684950066
2.8836614351536176,5.096910013008056
2.7993405494535817,4.903089986991944
2.936513742478893,5.103803720955957
3.0835026198302673,5
3.1550322287909704,5.259832699063484
2.8273692730538253,5.033423755486949
3.087781417809542,5.18564696214057
2.683947130751512,5.014520538757924
2.905256048748451,5.1673173347481764
3.1743505974793798,5.336459733848529
3.1684974835230326,5.060697840353612
3.060320028688285,5.181843587944773
3.0633333589517497,5.380211241711606
3.1061908972634154,5.423245873936808
3.12057393120585,5.216165902285993
